{"loss": [1.89596426486969, 0.6406881213188171, 0.5706283450126648, 0.5314150452613831, 0.5039834380149841, 0.4843474328517914, 0.4692839980125427, 0.4566754102706909, 0.4461764991283417, 0.4384946823120117, 0.4299685060977936, 0.4239621162414551, 0.41803330183029175, 0.4133926033973694, 0.4080539047718048, 0.4040944278240204, 0.39975178241729736, 0.39590203762054443, 0.39247241616249084, 0.3896876573562622, 0.3875425159931183, 0.3839150071144104, 0.3817487955093384, 0.37971261143684387, 0.37651485204696655, 0.3742654025554657, 0.3725605309009552, 0.3707242012023926, 0.3690492808818817, 0.3669734597206116, 0.3657090663909912, 0.36355069279670715, 0.3623373806476593, 0.3607567548751831, 0.3594369888305664], "mean_absolute_error": [0.7656814455986023, 0.5801818370819092, 0.5459914207458496, 0.5255497097969055, 0.5104577541351318, 0.49949198961257935, 0.4910306930541992, 0.4838961660861969, 0.47795695066452026, 0.4731931686401367, 0.4684901833534241, 0.46475842595100403, 0.46122506260871887, 0.4584583342075348, 0.4551851749420166, 0.45274803042411804, 0.45023679733276367, 0.4479448199272156, 0.44603431224823, 0.44422024488449097, 0.44293153285980225, 0.4407610595226288, 0.4394592046737671, 0.43811237812042236, 0.4362788796424866, 0.43497276306152344, 0.4338051378726959, 0.43278205394744873, 0.43172594904899597, 0.430554062128067, 0.42953771352767944, 0.4285252094268799, 0.42758700251579285, 0.4267841577529907, 0.42587926983833313], "mean_squared_error": [1.89596426486969, 0.6406881213188171, 0.5706283450126648, 0.5314150452613831, 0.5039834380149841, 0.4843474328517914, 0.4692839980125427, 0.4566754102706909, 0.4461764991283417, 0.4384946823120117, 0.4299685060977936, 0.4239621162414551, 0.41803330183029175, 0.4133926033973694, 0.4080539047718048, 0.4040944278240204, 0.39975178241729736, 0.39590203762054443, 0.39247241616249084, 0.3896876573562622, 0.3875425159931183, 0.3839150071144104, 0.3817487955093384, 0.37971261143684387, 0.37651485204696655, 0.3742654025554657, 0.3725605309009552, 0.3707242012023926, 0.3690492808818817, 0.3669734597206116, 0.3657090663909912, 0.36355069279670715, 0.3623373806476593, 0.3607567548751831, 0.3594369888305664], "val_loss": [1.2449136972427368, 1.0686341524124146, 1.0533058643341064, 1.0322033166885376, 1.0111265182495117, 0.9932700395584106, 0.9392639398574829, 0.9848450422286987, 0.9876794815063477, 0.9382205009460449, 1.0154821872711182, 0.9545392394065857, 0.9189537763595581, 0.927234411239624, 0.9000051021575928, 0.9546166062355042, 0.9037160873413086, 0.9883573651313782, 0.9764207005500793, 0.8996371030807495, 0.8905835151672363, 0.9046363234519958, 0.9076161980628967, 0.8748111128807068, 0.9141913652420044, 0.9386695623397827, 0.8767640590667725, 0.8999854326248169, 0.8781125545501709, 0.8777652382850647, 0.867235004901886, 0.9183869957923889, 0.86082923412323, 0.8659867644309998, 0.8712872266769409], "val_mean_absolute_error": [0.6921685934066772, 0.6443072557449341, 0.6476036310195923, 0.6415305733680725, 0.6133653521537781, 0.6079217195510864, 0.5883433818817139, 0.6113582849502563, 0.6242235898971558, 0.5811246037483215, 0.5989311337471008, 0.6115379333496094, 0.5766890048980713, 0.5735344886779785, 0.5676199197769165, 0.5933474898338318, 0.5627937316894531, 0.6014151573181152, 0.6073959469795227, 0.5655292868614197, 0.570885956287384, 0.5649134516716003, 0.5915433764457703, 0.5630364418029785, 0.5672582387924194, 0.5812193155288696, 0.5529945492744446, 0.5547773838043213, 0.5564826726913452, 0.5592206716537476, 0.552410900592804, 0.5642610192298889, 0.5504724383354187, 0.5516442060470581, 0.5513036847114563], "val_mean_squared_error": [1.2449136972427368, 1.0686341524124146, 1.0533058643341064, 1.0322033166885376, 1.0111265182495117, 0.9932700395584106, 0.9392639398574829, 0.9848450422286987, 0.9876794815063477, 0.9382205009460449, 1.0154821872711182, 0.9545392394065857, 0.9189537763595581, 0.927234411239624, 0.9000051021575928, 0.9546166062355042, 0.9037160873413086, 0.9883573651313782, 0.9764208197593689, 0.8996371030807495, 0.8905835151672363, 0.9046363234519958, 0.9076161980628967, 0.8748111128807068, 0.9141913652420044, 0.9386695623397827, 0.8767640590667725, 0.8999854326248169, 0.8781125545501709, 0.8777652382850647, 0.867235004901886, 0.9183869957923889, 0.86082923412323, 0.8659867644309998, 0.8712872266769409]}